<?xml version="1.0" encoding="UTF-8"?>
<project-private xmlns="http://www.netbeans.org/ns/project-private/1">
    <editor-bookmarks xmlns="http://www.netbeans.org/ns/editor-bookmarks/2" lastBookmarkId="0"/>
    <open-files xmlns="http://www.netbeans.org/ns/projectui-open-files/2">
        <group>
            <file>file:/C:/Users/Alunos/Desktop/airam06/src/airam06/Bola.java</file>
            <file>file:/C:/Users/Alunos/Desktop/airam06/src/airam06/Quadrado.java</file>
            <file>file:/C:/Users/Alunos/Desktop/airam06/src/airam06/Pessoa.java</file>
            <file>file:/C:/Users/Alunos/Desktop/airam06/src/airam06/Airam06.java</file>
            <file>file:/C:/Users/Alunos/Desktop/airam06/src/airam06/Vaiculos.java</file>
            <file>file:/C:/Users/Alunos/Desktop/airam06/src/airam06/Moto.java</file>
        </group>
    </open-files>
</project-private>
